{
    "schema_ver": "0.4.0",
    "hosts": [
        {
            "host_id": "agora-h1",
            "network": {
                "default_ip": "10.157.12.60"
            },
            "ssh":{
            "user":"root",
            "password":"ZHsh.2022"
            }
        }
    ],
    "params": {
        "vid_map": [
            {
                "name": "私有化OS",
                "app_id": "eea258a185884028b0ad40319bfdc05c",
                "vid": 1067078
            }
        ]
    },
    "artifacts": {
        "certificates": {
            "tls_cert": "ap.1067078.agora.local.crt",
            "tls_cert_key": "ap.11067078.agora.local-key.pem",
            "web_cert": "server.crt",
            "web_cert_key": "server.pem"
        },
        "licenses": []
    },
    "deployments": [
        {
            "type": "docker",
            "name": "agora_media_controller",
            "hosts": [
                { "host": "agora-h1" } 
            ],
            "params": {
                "tls_cert": "tls_cert",
                "tls_cert_key": "tls_cert_key",
                "web_cert": "web_cert",
                "web_cert_key": "web_cert_key"
            }
        },
        {
            "type": "docker",
            "name": "agora_media_edge",
            "hosts": [
                { "host": "agora-h1" }
            ],
            "params": {
                "instance_number": "2",
                "domain_prefix": "local",
                "web_cert": "web_cert",
                "web_cert_key": "web_cert_key"
            }
        },
        {
            "type": "docker",
            "name": "agora_monitor",
            "hosts": [
                { "host": "agora-h1" }
            ],
            "params": {
                "smtp_host": "",
                "smtp_user_name": "",
                "smtp_user_password": "",
                "smtp_from_address": ""
            }
        },
        {
            "type": "docker",
            "name": "agora_datahub",
            "hosts": [
                { "host": "agora-h1" }
            ],
            "params": {
                "tls_cert": "tls_cert",
                "tls_cert_key": "tls_cert_key",
                "web_cert": "web_cert",
                "web_cert_key": "web_cert_key"
            }
        }
    ]
}
